sentence1,sentence2,score
"What is a cell?","The cell is the basic unit of life.",1
"Explain photosynthesis.","Photosynthesis is the process by which plants make food using sunlight.",1
"Define democracy.","Democracy is a form of government where the people have the authority to choose their governing legislators.",1
"What are Newton's Laws of Motion?","Newton's Laws of Motion describe the relationship between a body and the forces acting on it, and its motion in response to those forces.",1
"Describe the structure of DNA.","DNA is a double helix formed by base pairs attached to a sugar-phosphate backbone.",1
"What causes climate change?","Climate change is caused by factors such as changes in solar radiation, volcanic eruptions, and human activities like burning fossil fuels.",1
"What is the significance of the Renaissance period?","The Renaissance was a period of cultural rebirth and renewed interest in classical learning and values, marked by advancements in art, science, and literature.",1
"Explain the theory of supply and demand.","The theory of supply and demand explains how the price and quantity of a good are determined in a market economy.",1
"What is cognitive development?","Cognitive development is the study of how thinking, problem-solving, and understanding develop in children.",1
"What are the main components of an ecosystem?","An ecosystem consists of all the living organisms in a particular area, along with the nonliving components of the environment such as air, soil, water, and sunlight.",1
"Describe the contributions of Isaac Newton to science.","Isaac Newton made significant contributions to physics and mathematics, including the formulation of the laws of motion and the theory of gravitation.",1
"What is the process of mitosis?","Mitosis is a type of cell division that results in two daughter cells each having the same number and kind of chromosomes as the parent nucleus.",1
"How does the heart function in the human body?","The heart pumps blood throughout the body, supplying oxygen and nutrients to tissues and removing carbon dioxide and other wastes.",1
"Define ethics in philosophy.","Ethics is the branch of philosophy that involves systematizing, defending, and recommending concepts of right and wrong behavior.",1
"What are the different types of democracy?","Different types of democracy include direct democracy, representative democracy, and constitutional democracy.",1
"Explain the significance of Impressionism in art history.","Impressionism was an art movement that emphasized light and color, and often depicted ordinary scenes and landscapes with visible brush strokes.",1
"What are the stages of cognitive development according to Piaget?","Piaget's stages of cognitive development include the sensorimotor stage, preoperational stage, concrete operational stage, and formal operational stage.",1
"Describe the function of enzymes in biological processes.","Enzymes are proteins that act as catalysts to accelerate chemical reactions in biological processes.",1
"What is the solar system?","The solar system consists of the Sun and the objects that orbit it, including planets, moons, asteroids, and comets.",1
"How do supply and demand affect market prices?","Supply and demand affect market prices by determining the quantity of goods that are produced and purchased at various price levels.",1
"What are the key elements of a democratic system?","Key elements of a democratic system include political freedom, rule of law, and civic participation.",1
"Explain the role of primary producers in an ecosystem.","Primary producers, such as plants, are organisms that produce their own food through photosynthesis and form the base of the food chain.",1
"What is the significance of the heart's rhythmic contractions?","The heart's rhythmic contractions, regulated by electrical impulses, ensure the continuous flow of blood throughout the body.",1
"Define structural engineering.","Structural engineering is a sub-discipline of civil engineering that involves designing and calculating the stability and strength of structures.",1
"What is the role of cognitive development in learning?","Cognitive development involves changes in cognitive processes and abilities, which are essential for learning and problem-solving.",1
"Describe the impact of climate change on ecosystems.","Climate change impacts ecosystems by causing shifts in species distributions, altering food webs, and increasing the frequency of extreme weather events.",1
"Explain the importance of ethical behavior in society.","Ethical behavior is important in society as it promotes trust, cooperation, and justice among individuals and groups.",1
"What is the process of language acquisition?","Language acquisition is the process by which humans learn to perceive, produce, and use words to communicate.",1
"Describe the concept of social stratification.","Social stratification is the hierarchical arrangement of individuals in a society based on factors like wealth, occupation, and social status.",1
"Explain the theory of relativity.","The theory of relativity, developed by Albert Einstein, describes the relationship between space, time, and gravity.",1
"What are the key features of Impressionist paintings?","Key features of Impressionist paintings include visible brush strokes, open composition, emphasis on light and color, and ordinary subject matter.",1
"Define artificial intelligence.","Artificial intelligence is the simulation of human intelligence processes by machines, especially computer systems.",1
"Explain the role of photosynthesis in the carbon cycle.","Photosynthesis plays a crucial role in the carbon cycle by converting carbon dioxide into organic matter and releasing oxygen.",1